<?xml version="1.0" encoding="UTF-8"?>
<project-private xmlns="http://www.netbeans.org/ns/project-private/1">
    <editor-bookmarks xmlns="http://www.netbeans.org/ns/editor-bookmarks/2" lastBookmarkId="0"/>
    <open-files xmlns="http://www.netbeans.org/ns/projectui-open-files/2">
        <group>
            <file>file:/home/aayam/NetBeansProjects/OldBookStore/src/java/com/hpes_rcpl_project/Register.java</file>
            <file>file:/home/aayam/NetBeansProjects/OldBookStore/web/productUpload.jsp</file>
            <file>file:/home/aayam/NetBeansProjects/OldBookStore/src/java/com/hpes_rcpl_project/Login.java</file>
            <file>file:/home/aayam/NetBeansProjects/OldBookStore/web/productDetails.jsp</file>
            <file>file:/home/aayam/NetBeansProjects/OldBookStore/web/footer.jsp</file>
            <file>file:/home/aayam/NetBeansProjects/OldBookStore/src/java/com/hpes_rcpl_project/Upload.java</file>
            <file>file:/home/aayam/NetBeansProjects/OldBookStore/web/userPage.jsp</file>
            <file>file:/home/aayam/NetBeansProjects/OldBookStore/web/homepage.jsp</file>
            <file>file:/home/aayam/NetBeansProjects/OldBookStore/src/java/com/hpes_rcpl_project/ProductView.java</file>
            <file>file:/home/aayam/NetBeansProjects/OldBookStore/web/login.jsp</file>
            <file>file:/home/aayam/NetBeansProjects/OldBookStore/web/Register.jsp</file>
            <file>file:/home/aayam/NetBeansProjects/OldBookStore/web/header.jsp</file>
            <file>file:/home/aayam/NetBeansProjects/OldBookStore/web/index.html</file>
        </group>
    </open-files>
</project-private>
